timestamp,temperature,humidity,moisture,label,plot_id,plot_name
2025-11-19 10:33:56.166939,19.754443104320124,64.72664039032699,66.55472899168697,normal,2,Lake Kathybury
2025-11-19 10:48:56.166939,21.32125278137687,59.28712329817174,66.54116299658375,normal,1,New Cherylton
2025-11-19 11:03:56.166939,22.279435830990373,61.4387369944846,62.856075296134264,normal,2,Lake Kathybury
2025-11-19 11:18:56.166939,21.663426834547685,61.135754281105854,66.92198354994294,normal,2,Lake Kathybury
2025-11-19 11:33:56.166939,22.07094512645667,59.28740078355203,64.36388609451474,normal,1,New Cherylton
2025-11-19 11:48:56.166939,22.084767282578383,64.63072758352777,68.30976298346671,normal,3,Jenniferville
2025-11-19 12:03:56.166939,22.788801373874225,59.12012999990931,69.60156280574165,normal,3,Jenniferville
2025-11-19 12:18:56.166939,22.635152427855203,58.77745311592221,64.17609807022238,normal,2,Lake Kathybury
2025-11-19 12:33:56.166939,23.953924485137062,56.11306374765908,62.58079035612172,normal,1,New Cherylton
2025-11-19 12:48:56.166939,24.55517063465803,62.42443989844912,63.156882017057676,normal,3,Jenniferville
2025-11-19 13:03:56.166939,23.375683694759825,58.642235915259725,63.98062667803536,normal,1,New Cherylton
2025-11-19 13:18:56.166939,25.11981890914721,53.585151710072694,64.17317777178093,normal,2,Lake Kathybury
2025-11-19 13:33:56.166939,25.554370755832547,56.77876617454685,64.3083556196182,normal,1,New Cherylton
2025-11-19 13:48:56.166939,25.37065023990807,55.365971469627354,61.64064572151233,normal,3,Jenniferville
2025-11-19 14:03:56.166939,25.389519313036903,51.157373873716516,69.37885727275766,normal,2,Lake Kathybury
2025-11-19 14:18:56.166939,26.755211801101993,54.04730311372015,62.030820679770464,normal,3,Jenniferville
2025-11-19 14:33:56.166939,24.557505626145062,51.26479780873829,66.89395426653728,normal,1,New Cherylton
2025-11-19 14:48:56.166939,26.271916454370263,52.18537905056303,69.57464430768347,normal,3,Jenniferville
2025-11-19 15:03:56.166939,26.392594281848567,50.14932186846481,62.43983468168338,normal,1,New Cherylton
2025-11-19 15:18:56.166939,26.626502745873598,54.57072203716145,64.2946484508175,normal,2,Lake Kathybury
2025-11-19 15:33:56.166939,27.160321288907635,52.165194643635715,65.97638204548946,normal,3,Jenniferville
2025-11-19 15:48:56.166939,27.562534454757397,54.21068188466687,67.4719779507834,normal,3,Jenniferville
2025-11-19 16:03:56.166939,28.62995945816793,53.6808061513533,65.25807491331878,normal,3,Jenniferville
2025-11-19 16:18:56.166939,26.541446448567253,48.20168410693356,63.84759767281147,normal,3,Jenniferville
2025-11-19 16:33:56.166939,27.442186890518066,48.6758155282092,62.55502682551518,normal,2,Lake Kathybury
2025-11-19 16:48:56.166939,29.099955324438646,46.22988997084972,63.28802880587364,normal,2,Lake Kathybury
2025-11-19 17:03:56.166939,28.008102473740895,47.413912017872875,62.1594264508901,normal,2,Lake Kathybury
2025-11-19 17:18:56.166939,27.727941870654117,54.53029164338972,41.51385155318371,moisture_drop,2,Lake Kathybury
2025-11-19 17:33:56.166939,28.63293304790772,50.21271017636902,44.86202824830048,moisture_drop,3,Jenniferville
2025-11-19 17:48:56.166939,26.167872999927166,45.03747760223432,40.97804160034985,moisture_drop,1,New Cherylton
2025-11-19 18:03:56.166939,26.45437536039816,42.17306894739344,43.99683292543698,moisture_drop,3,Jenniferville
2025-11-19 18:18:56.166939,26.744090906542315,51.10430406135938,41.184538806046696,moisture_drop,3,Jenniferville
2025-11-19 18:33:56.166939,27.521459160579436,53.107036316264825,42.75906488563584,moisture_drop,3,Jenniferville
2025-11-19 18:48:56.166939,27.65445843400222,47.78039507579524,41.80724254813147,moisture_drop,2,Lake Kathybury
2025-11-19 19:03:56.166939,28.053997478021714,47.53435711413849,42.291809348202605,moisture_drop,1,New Cherylton
2025-11-19 19:18:56.166939,28.581566691719633,47.78374165712955,41.1193419977038,moisture_drop,1,New Cherylton
2025-11-19 19:33:56.166939,26.61083678041097,52.64958633159129,60.7058587991238,normal,2,Lake Kathybury
2025-11-19 19:48:56.166939,26.388902028507157,44.02116759720232,60.29787840751118,normal,1,New Cherylton
2025-11-19 20:03:56.166939,27.438214564459116,52.23837028768019,64.12469079677321,normal,2,Lake Kathybury
2025-11-19 20:18:56.166939,27.212673508696753,47.32982196880577,65.44856201104112,normal,3,Jenniferville
2025-11-19 20:33:56.166939,26.263879215459117,51.155760403811755,63.16365430973735,normal,1,New Cherylton
2025-11-19 20:48:56.166939,26.807976074768902,52.51511079431478,60.45309328929046,normal,1,New Cherylton
2025-11-19 21:03:56.166939,26.248520228776954,56.00669272475223,62.957966052142304,normal,1,New Cherylton
2025-11-19 21:18:56.166939,27.06839553627365,57.97039800530326,64.13069095748837,normal,3,Jenniferville
2025-11-19 21:33:56.166939,24.762331126539753,50.4462463229164,59.96590385284061,normal,1,New Cherylton
2025-11-19 21:48:56.166939,24.952076541444033,54.07278023428399,63.78480282841246,normal,2,Lake Kathybury
2025-11-19 22:03:56.166939,25.047588047901506,52.65032901364161,62.34532506662179,normal,2,Lake Kathybury
2025-11-19 22:18:56.166939,24.640497856230894,54.51774300420943,65.08464301271606,normal,2,Lake Kathybury
2025-11-19 22:33:56.166939,25.7515230138961,54.179870953809555,55.746528596059996,normal,2,Lake Kathybury
2025-11-19 22:48:56.166939,23.481563611800944,48.34737503910435,59.89108095420091,normal,2,Lake Kathybury
2025-11-19 23:03:56.166939,24.557780470970304,58.365460754044356,60.50570798256207,normal,1,New Cherylton
2025-11-19 23:18:56.166939,24.536408835582602,57.55699224388035,61.809517336304935,normal,1,New Cherylton
2025-11-19 23:33:56.166939,23.595289929089734,60.45211945607293,58.807377501427226,normal,1,New Cherylton
2025-11-19 23:48:56.166939,22.907726569118303,56.61323122549002,60.45728713046578,normal,1,New Cherylton
2025-11-20 00:03:56.166939,23.006712457909114,58.40686191729918,58.951316952266644,normal,3,Jenniferville
2025-11-20 00:18:56.166939,23.10653899169497,62.87009015591582,62.97942757182717,normal,3,Jenniferville
2025-11-20 00:33:56.166939,22.44469275748545,58.04513224328924,55.97347306977993,normal,2,Lake Kathybury
2025-11-20 00:48:56.166939,22.45098557849289,60.892098217649455,60.59403045378306,normal,3,Jenniferville
2025-11-20 01:03:56.166939,21.153562557017334,64.19122192782571,62.74489624726302,normal,3,Jenniferville
2025-11-20 01:18:56.166939,20.59228765015276,66.24264931127234,57.97477963020208,normal,2,Lake Kathybury
2025-11-20 01:33:56.166939,19.784536283719255,62.60427198323406,59.603452041719756,normal,3,Jenniferville
2025-11-20 01:48:56.166939,22.118495102810925,64.7143386190791,57.96807429968735,normal,2,Lake Kathybury
2025-11-20 02:03:56.166939,20.617000356967782,61.57178044872417,63.05752040900006,normal,1,New Cherylton
2025-11-20 02:18:56.166939,21.378335753058554,66.3681161489614,62.869394837902036,normal,2,Lake Kathybury
2025-11-20 02:33:56.166939,19.273467906660827,71.69822893647951,61.48854255454065,normal,3,Jenniferville
2025-11-20 02:48:56.166939,20.5095153910939,72.15634983224429,65.33137384873534,normal,1,New Cherylton
2025-11-20 03:03:56.166939,18.937077519728646,68.6876800464156,59.14098458365495,normal,3,Jenniferville
2025-11-20 03:18:56.166939,19.49890356109633,71.04236720626865,61.529244810889175,normal,2,Lake Kathybury
2025-11-20 03:33:56.166939,20.083219220195172,68.97019830128666,38.1645911323676,moisture_drop,1,New Cherylton
2025-11-20 03:48:56.166939,18.982089123704984,70.98578383461077,36.13500638379827,moisture_drop,1,New Cherylton
2025-11-20 04:03:56.166939,20.242412066184535,68.72031250902077,39.97105300876096,moisture_drop,1,New Cherylton
2025-11-20 04:18:56.166939,18.83178228059154,69.22895161019188,36.72829584991262,moisture_drop,3,Jenniferville
2025-11-20 04:33:56.166939,17.73143553893819,71.44172265637872,38.389951316624334,moisture_drop,2,Lake Kathybury
2025-11-20 04:48:56.166939,17.51004531574717,71.26072083699934,40.956868301376275,moisture_drop,1,New Cherylton
2025-11-20 05:03:56.166939,17.516449572569645,71.02270247217176,38.437537313693596,moisture_drop,1,New Cherylton
2025-11-20 05:18:56.166939,17.441164057989475,75.34398173892568,36.99590555763296,moisture_drop,3,Jenniferville
2025-11-20 05:33:56.166939,19.224549668418636,69.95795245957703,38.14534420350456,moisture_drop,3,Jenniferville
2025-11-20 05:48:56.166939,18.571294725667194,66.57066004621592,58.25889471158424,normal,1,New Cherylton
2025-11-20 06:03:56.166939,17.348178507151324,66.3239380929619,62.27520078863815,normal,2,Lake Kathybury
2025-11-20 06:18:56.166939,19.783809881883315,71.03703003895959,60.322070226695985,normal,2,Lake Kathybury
2025-11-20 06:33:56.166939,17.349579781182364,65.59718636262124,58.644494753423515,normal,1,New Cherylton
2025-11-20 06:48:56.166939,18.060765233410777,66.43705362842739,69.10306649271652,normal,2,Lake Kathybury
2025-11-20 07:03:56.166939,17.970580691969385,68.56471247850091,62.06572649410653,normal,2,Lake Kathybury
2025-11-20 07:18:56.166939,18.268636423789033,71.68331907370393,66.66650581310626,normal,2,Lake Kathybury
2025-11-20 07:33:56.166939,18.737968379286716,75.13139370573701,62.64901233483055,normal,2,Lake Kathybury
2025-11-20 07:48:56.166939,18.06083854975635,68.200443491227,60.51331525817975,normal,1,New Cherylton
2025-11-20 08:03:56.166939,20.49660361064223,68.31048842220332,66.93517830079601,normal,1,New Cherylton
2025-11-20 08:18:56.166939,19.631604421803043,69.77243400567951,63.74732659529072,normal,2,Lake Kathybury
2025-11-20 08:33:56.166939,18.879761204921614,69.48334033180471,64.41313644075953,normal,3,Jenniferville
2025-11-20 08:48:56.166939,19.438153428029075,63.16709521557058,63.379534103655864,normal,3,Jenniferville
2025-11-20 09:03:56.166939,20.865387862083047,65.43741652844908,65.50810854159121,normal,2,Lake Kathybury
2025-11-20 09:18:56.166939,18.59118968809549,66.74210537045933,64.985997020042,normal,1,New Cherylton
2025-11-20 09:33:56.166939,20.78237799057693,68.55749313131899,64.37090439094375,normal,2,Lake Kathybury
2025-11-20 09:48:56.166939,19.888319773167293,65.72900128420869,66.85303843131706,humidity_drift,1,New Cherylton
2025-11-20 10:03:56.166939,20.269398626871176,64.24070137368821,66.41807198089526,humidity_drift,2,Lake Kathybury
2025-11-20 10:18:56.166939,21.91955314587241,69.11524457117322,66.59217946582986,humidity_drift,2,Lake Kathybury
2025-11-20 10:33:56.166939,21.691064906834193,68.80948113614721,66.27922087889874,humidity_drift,1,New Cherylton
2025-11-20 10:48:56.166939,21.48013057104749,76.09503887289223,62.6279523627206,humidity_drift,1,New Cherylton
2025-11-20 11:03:56.166939,21.45555432930808,72.55856965164465,66.28164624427318,humidity_drift,1,New Cherylton
2025-11-20 11:18:56.166939,21.44577571570911,75.76065489004418,68.96418537231449,humidity_drift,2,Lake Kathybury
2025-11-20 11:33:56.166939,21.66682208192642,84.90463122377417,66.0010544608567,humidity_drift,3,Jenniferville
2025-11-20 11:48:56.166939,22.996160965434477,80.16294560974167,65.40800714352261,humidity_drift,1,New Cherylton
2025-11-20 12:03:56.166939,21.888855331009474,60.8510420696044,67.01124419060926,normal,1,New Cherylton
2025-11-20 12:18:56.166939,22.578912093768015,56.53767142446021,64.73503900518517,normal,3,Jenniferville
2025-11-20 12:33:56.166939,22.755482116008217,62.207261585424824,66.67266848616251,normal,3,Jenniferville
2025-11-20 12:48:56.166939,23.62899607492935,57.55861161420529,66.79382367113091,normal,3,Jenniferville
2025-11-20 13:03:56.166939,23.837214550641622,59.09368207434337,65.29394625044661,normal,1,New Cherylton
2025-11-20 13:18:56.166939,24.878781082287723,56.39396694135984,63.404751136967114,normal,2,Lake Kathybury
2025-11-20 13:33:56.166939,25.808484509703412,57.326579814635735,63.3453306953114,normal,3,Jenniferville
2025-11-20 13:48:56.166939,24.550864334766178,55.50543502012933,64.49183935458154,normal,1,New Cherylton
2025-11-20 14:03:56.166939,24.859862061708093,52.96967893562687,62.72476554198277,normal,1,New Cherylton
2025-11-20 14:18:56.166939,26.778589570037344,52.45004202526864,66.03897109307661,normal,3,Jenniferville
2025-11-20 14:33:56.166939,26.57882135259154,48.98969614662906,63.775448476230316,normal,3,Jenniferville
2025-11-20 14:48:56.166939,26.903666743521118,48.171745433671234,62.69889903987625,normal,3,Jenniferville
2025-11-20 15:03:56.166939,26.488878552463923,55.476158552335384,62.06228381991663,normal,2,Lake Kathybury
2025-11-20 15:18:56.166939,27.033869786835886,52.94187138245065,62.09773656934503,normal,3,Jenniferville
2025-11-20 15:33:56.166939,28.228744061078995,50.323584964765296,67.22428492607742,normal,1,New Cherylton
2025-11-20 15:48:56.166939,27.602422936686697,50.71643984250314,67.385462981703,normal,3,Jenniferville
2025-11-20 16:03:56.166939,27.123689575929777,50.2848598578709,62.828308946089365,normal,3,Jenniferville
2025-11-20 16:18:56.166939,28.96376656678096,54.948919150006006,65.10389476184403,normal,3,Jenniferville
2025-11-20 16:33:56.166939,28.516293575454316,53.877777423646556,65.37456655982268,normal,3,Jenniferville
2025-11-20 16:48:56.166939,26.403602235951713,52.36983805752573,65.36664153512501,normal,3,Jenniferville
2025-11-20 17:03:56.166939,27.738009689104477,47.82162132418079,63.07807119874315,normal,3,Jenniferville
2025-11-20 17:18:56.166939,27.60535350724695,50.46623490852601,62.68653564250657,normal,3,Jenniferville
2025-11-20 17:33:56.166939,27.672867216373824,55.044991165025976,60.512850152847435,normal,2,Lake Kathybury
2025-11-20 17:48:56.166939,28.342623823790007,51.11640607190394,63.01617377430464,normal,2,Lake Kathybury
2025-11-20 18:03:56.166939,27.379707189863932,49.790685585044876,61.317945652818054,normal,1,New Cherylton
2025-11-20 18:18:56.166939,28.908321010979023,48.621424454262254,59.668183558663564,normal,3,Jenniferville
2025-11-20 18:33:56.166939,28.449106365310996,49.772187808028356,65.4719143820853,normal,2,Lake Kathybury
2025-11-20 18:48:56.166939,28.87567055543238,54.85223198632629,64.49757109350718,normal,1,New Cherylton
2025-11-20 19:03:56.166939,29.171784100666027,49.38462726027566,64.95451353326106,normal,2,Lake Kathybury
2025-11-20 19:18:56.166939,25.675175797064306,48.77064631539947,65.02701039627158,normal,3,Jenniferville
2025-11-20 19:33:56.166939,27.277690025531257,50.54965645297551,64.48914329140024,normal,3,Jenniferville
2025-11-20 19:48:56.166939,28.038775724386728,48.06660927138797,65.49544446209262,normal,1,New Cherylton
2025-11-20 20:03:56.166939,27.18225933043685,48.91457687983691,63.798078931701035,normal,1,New Cherylton
2025-11-20 20:18:56.166939,27.47228119031788,55.70211164222298,62.30839928113829,normal,1,New Cherylton
2025-11-20 20:33:56.166939,26.36192867501609,51.000109665152195,63.612509898737386,normal,1,New Cherylton
2025-11-20 20:48:56.166939,26.08645003067321,52.175374156976176,64.13804310531344,normal,1,New Cherylton
2025-11-20 21:03:56.166939,26.94219976423325,51.419821709532094,61.521718726407386,normal,3,Jenniferville
2025-11-20 21:18:56.166939,24.9678245449432,51.79198025491394,60.351706388533785,normal,1,New Cherylton
2025-11-20 21:33:56.166939,25.40571385274876,52.19165771834526,61.320996811308966,normal,3,Jenniferville
2025-11-20 21:48:56.166939,25.215255677638694,56.441837335528774,62.37860692656826,normal,3,Jenniferville
2025-11-20 22:03:56.166939,25.456740880431852,55.762749436367685,61.87908002018496,normal,2,Lake Kathybury
2025-11-20 22:18:56.166939,25.565107538923083,57.076076655406766,60.14114510372103,normal,1,New Cherylton
2025-11-20 22:33:56.166939,24.166862241566854,54.98832123888411,58.72197028971261,normal,2,Lake Kathybury
2025-11-20 22:48:56.166939,24.04245560884384,55.94512928996809,63.82317073549428,normal,2,Lake Kathybury
2025-11-20 23:03:56.166939,24.86419712061849,61.019348090874324,56.7730450936326,normal,1,New Cherylton
2025-11-20 23:18:56.166939,23.809095857999854,60.355911374483746,60.430616254632376,normal,1,New Cherylton
2025-11-20 23:33:56.166939,24.290743610650143,55.62321946637945,58.07268126953301,normal,2,Lake Kathybury
2025-11-20 23:48:56.166939,23.560118304227192,65.68163442952184,57.37657552746233,normal,1,New Cherylton
2025-11-21 00:03:56.166939,22.92899423897658,61.7005549725565,60.73486814739428,normal,3,Jenniferville
2025-11-21 00:18:56.166939,22.117784594746315,63.1388673577585,59.85496444634281,normal,1,New Cherylton
2025-11-21 00:33:56.166939,22.42796089985914,59.40559553804801,60.41528719297314,normal,2,Lake Kathybury
2025-11-21 00:48:56.166939,21.543472762693085,61.49659577511749,62.38403988843194,normal,2,Lake Kathybury
2025-11-21 01:03:56.166939,21.197371078241808,62.015303507977116,63.164583697493015,normal,3,Jenniferville
2025-11-21 01:18:56.166939,19.150255882593306,57.88068896608695,62.22405452537075,normal,3,Jenniferville
2025-11-21 01:33:56.166939,21.183537104078006,63.88364874231459,59.98126330020823,normal,2,Lake Kathybury
2025-11-21 01:48:56.166939,19.341978644883056,64.2700176596751,59.41045806278131,normal,3,Jenniferville
2025-11-21 02:03:56.166939,20.225835851968036,61.816249224226326,62.37484647001493,normal,1,New Cherylton
2025-11-21 02:18:56.166939,19.51969310326425,63.08055719733562,61.455997573441145,normal,1,New Cherylton
2025-11-21 02:33:56.166939,20.672229026071314,68.50899585023517,62.12815022125237,normal,1,New Cherylton
2025-11-21 02:48:56.166939,20.862394273622492,67.76681650634617,63.37928100356921,normal,2,Lake Kathybury
2025-11-21 03:03:56.166939,20.328390763517504,59.88753117344669,63.70516632228057,normal,2,Lake Kathybury
2025-11-21 03:18:56.166939,19.438896050807774,67.75987647591232,61.8458689863618,normal,1,New Cherylton
2025-11-21 03:33:56.166939,19.39493413372783,66.35029742457121,63.68685689128075,normal,2,Lake Kathybury
2025-11-21 03:48:56.166939,19.052615831204356,65.74856171918944,61.69478887283717,normal,2,Lake Kathybury
2025-11-21 04:03:56.166939,16.542567129740792,66.03194886043389,60.99141848656389,normal,2,Lake Kathybury
2025-11-21 04:18:56.166939,17.72232806165808,69.25872435995562,63.23291336352425,normal,2,Lake Kathybury
2025-11-21 04:33:56.166939,18.987295514929553,73.66735170047558,61.96605598550918,normal,1,New Cherylton
2025-11-21 04:48:56.166939,18.556487784912996,74.51981516663557,64.54642117217358,normal,2,Lake Kathybury
2025-11-21 05:03:56.166939,17.723478285889772,67.37482243913878,63.16035844191025,normal,3,Jenniferville
2025-11-21 05:18:56.166939,17.821416632889925,69.75490109085311,63.86892952099646,humidity_drift,3,Jenniferville
2025-11-21 05:33:56.166939,17.473840111278943,72.02229960255363,62.938693273353216,humidity_drift,2,Lake Kathybury
2025-11-21 05:48:56.166939,16.878337291760452,75.03060008020992,63.27945860897411,humidity_drift,2,Lake Kathybury
2025-11-21 06:03:56.166939,17.931426181196706,79.09211857224815,64.6608780245374,humidity_drift,2,Lake Kathybury
2025-11-21 06:18:56.166939,17.817002906528813,81.02152537578651,63.62604665582281,humidity_drift,1,New Cherylton
2025-11-21 06:33:56.166939,17.6676759600285,83.27460569672196,67.18470917099468,humidity_drift,3,Jenniferville
2025-11-21 06:48:56.166939,18.391472699544188,84.44518734887035,61.98905064742346,humidity_drift,2,Lake Kathybury
2025-11-21 07:03:56.166939,16.92605274182086,92.24222235666798,61.79010824556443,humidity_drift,2,Lake Kathybury
2025-11-21 07:18:56.166939,16.34664242670495,92.28682694033509,68.19728128257456,humidity_drift,2,Lake Kathybury
2025-11-21 07:33:56.166939,17.424827276650916,73.12574547417849,64.57156877503655,normal,2,Lake Kathybury
2025-11-21 07:48:56.166939,18.622969774449153,72.18988324263185,64.73733745681463,normal,2,Lake Kathybury
2025-11-21 08:03:56.166939,18.632639962912027,64.11796566576719,61.362720964043724,normal,1,New Cherylton
2025-11-21 08:18:56.166939,19.637678058672808,67.1267582993852,66.89129524765607,normal,3,Jenniferville
2025-11-21 08:33:56.166939,17.769730018942866,67.89619772716074,66.96428219753585,normal,3,Jenniferville
2025-11-21 08:48:56.166939,19.033138655766432,65.03115305833592,66.05669475375768,normal,1,New Cherylton
2025-11-21 09:03:56.166939,19.39371397529789,62.71509307543707,65.47125663424697,normal,3,Jenniferville
2025-11-21 09:18:56.166939,20.88459620703186,67.82147965701026,64.47840519730124,normal,2,Lake Kathybury
2025-11-21 09:33:56.166939,18.641850985595,64.03032064150798,60.67246452643895,normal,3,Jenniferville
2025-11-21 09:48:56.166939,20.000295962649083,69.1944317032428,64.5792954186799,normal,2,Lake Kathybury
2025-11-21 10:03:56.166939,19.970870427213292,62.22681024681676,68.96327540077007,normal,2,Lake Kathybury
2025-11-21 10:18:56.166939,22.401239517511794,66.18599787485404,62.23057462111447,normal,3,Jenniferville
2025-11-21 10:33:56.166939,20.897602268376527,67.2215088530726,62.86610377926204,normal,3,Jenniferville
2025-11-21 10:48:56.166939,20.644328737651144,66.23282227247856,61.62860623950463,normal,1,New Cherylton
2025-11-21 11:03:56.166939,21.88496248863711,56.5627231712538,65.67481505857553,normal,3,Jenniferville
2025-11-21 11:18:56.166939,20.122700706852918,63.53098576331225,61.3487097350638,normal,2,Lake Kathybury
2025-11-21 11:33:56.166939,21.585854944720946,65.46189586970642,63.7109548656523,normal,3,Jenniferville
2025-11-21 11:48:56.166939,22.927918863481448,62.97633668220556,66.36726435925354,humidity_drift,3,Jenniferville
2025-11-21 12:03:56.166939,22.57693942391853,61.9583349923406,63.42974522573155,humidity_drift,1,New Cherylton
2025-11-21 12:18:56.166939,24.535298430829556,64.87808394327685,62.811183442051785,humidity_drift,2,Lake Kathybury
2025-11-21 12:33:56.166939,24.359118965586994,66.21656839126346,64.19232710172602,humidity_drift,3,Jenniferville
2025-11-21 12:48:56.166939,24.13351203301287,72.32823086740758,67.74514688595589,humidity_drift,3,Jenniferville
2025-11-21 13:03:56.166939,24.45942713699089,70.18377763688798,69.38710284709245,humidity_drift,3,Jenniferville
2025-11-21 13:18:56.166939,24.60901460713386,69.1754713281236,62.431130130747825,humidity_drift,2,Lake Kathybury
2025-11-21 13:33:56.166939,25.65437088239296,72.65532385994123,66.703427927386,humidity_drift,1,New Cherylton
2025-11-21 13:48:56.166939,25.668856032264504,74.85570457564285,66.6700778847517,humidity_drift,2,Lake Kathybury
2025-11-21 14:03:56.166939,25.558949576577287,53.84233065790004,67.9627717339683,normal,3,Jenniferville
2025-11-21 14:18:56.166939,27.193139831349704,58.65930889096297,66.25614544954196,normal,1,New Cherylton
2025-11-21 14:33:56.166939,26.81101465696324,51.242438466465174,65.07412201501977,normal,3,Jenniferville
2025-11-21 14:48:56.166939,36.26983636941103,56.03085553466156,66.83107816256317,temp_spike,1,New Cherylton
2025-11-21 15:03:56.166939,35.56396105964207,43.91829525605303,64.5867848435071,temp_spike,2,Lake Kathybury
2025-11-21 15:18:56.166939,36.62204234826835,49.37991669944197,63.703133672614086,temp_spike,1,New Cherylton
2025-11-21 15:33:56.166939,36.189482913177,53.430895156567225,62.614429848303885,temp_spike,2,Lake Kathybury
2025-11-21 15:48:56.166939,34.9733229052421,50.243685031457616,64.39840814943999,temp_spike,3,Jenniferville
2025-11-21 16:03:56.166939,36.97902984444886,54.676995975362054,65.43415763932569,temp_spike,2,Lake Kathybury
2025-11-21 16:18:56.166939,35.2220205899503,52.733257683311905,64.77376335612877,temp_spike,1,New Cherylton
2025-11-21 16:33:56.166939,37.19857237455974,48.97950185506093,60.03473110462046,temp_spike,2,Lake Kathybury
2025-11-21 16:48:56.166939,36.33771201289234,50.48855449944444,65.56710534940278,temp_spike,2,Lake Kathybury
2025-11-21 17:03:56.166939,26.763051434625208,50.575017227797204,64.98271742083085,normal,1,New Cherylton
2025-11-21 17:18:56.166939,27.965379109462653,46.580264995922136,62.21865318278743,normal,2,Lake Kathybury
2025-11-21 17:33:56.166939,29.207734711638842,47.280796049884465,64.16157530221895,normal,1,New Cherylton
2025-11-21 17:48:56.166939,28.983603669891608,48.314559011719794,61.201343112012594,normal,2,Lake Kathybury
2025-11-21 18:03:56.166939,30.080199831321917,52.56228601187832,64.49933370671054,normal,1,New Cherylton
2025-11-21 18:18:56.166939,28.30619883828517,49.17374900234493,66.08096679193702,normal,1,New Cherylton
2025-11-21 18:33:56.166939,27.946805503290733,50.06413382023883,62.26322166180407,normal,1,New Cherylton
2025-11-21 18:48:56.166939,26.93675710387155,51.13407422959128,65.72076946193687,normal,2,Lake Kathybury
2025-11-21 19:03:56.166939,27.106271221205137,43.72726214578891,66.19060236654624,normal,2,Lake Kathybury
2025-11-21 19:18:56.166939,28.31663945431736,49.131587018415935,61.96392549266766,normal,1,New Cherylton
2025-11-21 19:33:56.166939,27.642053149161182,43.72845461052832,57.12080288495369,normal,1,New Cherylton
2025-11-21 19:48:56.166939,26.548665653740937,56.61511112685142,63.733105006673604,normal,3,Jenniferville
2025-11-21 20:03:56.166939,27.420090374374077,52.271004567162315,62.29729565754634,normal,1,New Cherylton
2025-11-21 20:18:56.166939,26.57476334290745,50.02447248241336,64.0820615332439,humidity_drift,2,Lake Kathybury
2025-11-21 20:33:56.166939,27.86158962396596,52.005015339044725,61.32672793148621,humidity_drift,1,New Cherylton
2025-11-21 20:48:56.166939,25.800979191151967,58.87424768345269,60.06696863011288,humidity_drift,3,Jenniferville
2025-11-21 21:03:56.166939,25.945917290962015,63.117659965898206,66.38695031312513,humidity_drift,2,Lake Kathybury
2025-11-21 21:18:56.166939,26.49208965619853,68.54914424069167,60.89440382307835,humidity_drift,1,New Cherylton
2025-11-21 21:33:56.166939,26.032481000729756,69.19083244015721,59.69168452338647,humidity_drift,3,Jenniferville
2025-11-21 21:48:56.166939,25.053245842594624,68.19367374873293,59.15484077768646,humidity_drift,3,Jenniferville
2025-11-21 22:03:56.166939,25.578022928427654,77.25915795570452,60.99613194292097,humidity_drift,1,New Cherylton
2025-11-21 22:18:56.166939,25.903647162179716,79.78779807356423,62.38711513342091,humidity_drift,3,Jenniferville
2025-11-21 22:33:56.166939,24.81283163865544,52.43462361254058,60.148672307473014,normal,1,New Cherylton
2025-11-21 22:48:56.166939,25.297371139928423,58.92096425938642,58.558137151456734,normal,1,New Cherylton
2025-11-21 23:03:56.166939,24.042486877286343,54.16641042489991,55.97462291926006,normal,1,New Cherylton
2025-11-21 23:18:56.166939,24.590105497435733,59.07219722380807,60.21374300989328,normal,2,Lake Kathybury
2025-11-21 23:33:56.166939,24.55697939600182,64.71201302627398,58.626092934539805,normal,1,New Cherylton
2025-11-21 23:48:56.166939,24.30650530466791,60.20466060667452,60.846995784819825,normal,3,Jenniferville
2025-11-22 00:03:56.166939,22.693050616025282,60.64061586556426,59.160049603696805,normal,1,New Cherylton
2025-11-22 00:18:56.166939,22.477902838590737,59.99531024438125,64.18669624440214,normal,1,New Cherylton
2025-11-22 00:33:56.166939,21.56975815975694,60.3151967454179,60.56822530713533,normal,1,New Cherylton
2025-11-22 00:48:56.166939,22.336707843863284,62.95062656075337,62.65624043155844,normal,3,Jenniferville
2025-11-22 01:03:56.166939,21.096455691255954,57.21322728250076,58.904971327908456,normal,1,New Cherylton
2025-11-22 01:18:56.166939,22.26361474679323,58.348019686654666,59.147484064596036,normal,3,Jenniferville
2025-11-22 01:33:56.166939,21.30037952367315,62.74005848928485,62.408329382753315,normal,2,Lake Kathybury
2025-11-22 01:48:56.166939,20.669580283363047,62.56656819569883,59.320133151462166,normal,3,Jenniferville
2025-11-22 02:03:56.166939,19.991982800775773,63.88806156029044,62.53964815496705,normal,2,Lake Kathybury
2025-11-22 02:18:56.166939,19.891386102298036,62.88508514117295,62.50961103359168,normal,3,Jenniferville
2025-11-22 02:33:56.166939,20.033414042390543,63.31245941739044,59.70182201218265,normal,1,New Cherylton
2025-11-22 02:48:56.166939,19.543542968987875,66.59822510016046,65.29803623626067,normal,1,New Cherylton
2025-11-22 03:03:56.166939,19.144847493531927,65.50801960928008,62.421647099352896,normal,3,Jenniferville
2025-11-22 03:18:56.166939,19.26407592187071,71.87296148789737,60.006707762828455,normal,3,Jenniferville
2025-11-22 03:33:56.166939,19.33237771429006,63.892070077755044,62.975007706037445,normal,1,New Cherylton
2025-11-22 03:48:56.166939,18.24268554150944,65.12862157783418,60.01319181361935,normal,2,Lake Kathybury
2025-11-22 04:03:56.166939,18.597885917055333,64.09260786237637,65.7185898868409,normal,2,Lake Kathybury
2025-11-22 04:18:56.166939,17.896178992040568,77.67231287608465,62.85009492510882,normal,2,Lake Kathybury
2025-11-22 04:33:56.166939,18.80072683426949,67.20778792112736,62.36688602568483,normal,1,New Cherylton
2025-11-22 04:48:56.166939,17.21456123990388,74.49511197886781,64.49559610406534,normal,2,Lake Kathybury
2025-11-22 05:03:56.166939,18.795096151087844,67.2212140002982,61.96876076963849,normal,1,New Cherylton
2025-11-22 05:18:56.166939,19.55676772595857,69.1970169678704,59.742199393038774,normal,3,Jenniferville
2025-11-22 05:33:56.166939,17.8525643393578,69.95543025035649,61.36806318591879,normal,3,Jenniferville
2025-11-22 05:48:56.166939,17.155916672642103,73.86624550115316,63.449164161441004,normal,3,Jenniferville
2025-11-22 06:03:56.166939,18.227062576682144,70.11298003507419,59.42536060095304,normal,2,Lake Kathybury
2025-11-22 06:18:56.166939,17.57061946189125,69.19793083194982,61.59227508806818,normal,1,New Cherylton
2025-11-22 06:33:56.166939,17.71794570962327,73.28819968259748,65.250154075548,normal,2,Lake Kathybury
2025-11-22 06:48:56.166939,18.628471754329873,69.09766417794039,65.4827997496563,normal,1,New Cherylton
2025-11-22 07:03:56.166939,18.73789261195282,71.21185329766826,66.02295111607899,normal,3,Jenniferville
2025-11-22 07:18:56.166939,20.074983153007217,72.30935582409236,64.18252699811774,normal,2,Lake Kathybury
2025-11-22 07:33:56.166939,17.868335185908347,63.57822591399062,65.74640839429954,normal,3,Jenniferville
2025-11-22 07:48:56.166939,17.615281188296315,70.94853957875509,63.27042826705802,normal,3,Jenniferville
2025-11-22 08:03:56.166939,20.3664036729942,67.71480721388026,64.29445640335746,normal,1,New Cherylton
2025-11-22 08:18:56.166939,19.35595719412315,70.61350909840972,65.68000574992709,normal,1,New Cherylton
2025-11-22 08:33:56.166939,17.554259242868845,68.20903022023262,65.04007648535178,normal,3,Jenniferville
2025-11-22 08:48:56.166939,20.309190372456733,67.80157226935623,63.23639020542845,normal,2,Lake Kathybury
2025-11-22 09:03:56.166939,20.280026405672842,72.39271626104514,59.033123229115816,normal,2,Lake Kathybury
2025-11-22 09:18:56.166939,19.248247740783874,66.79852788397734,64.67667193539857,normal,1,New Cherylton
2025-11-22 09:33:56.166939,19.7076119377384,68.31832887927578,65.77081905645647,normal,1,New Cherylton
2025-11-22 09:48:56.166939,20.011445159387662,69.2574612208845,65.20435311414927,normal,2,Lake Kathybury
2025-11-22 10:03:56.166939,19.327918054916964,61.30067164651032,63.46577981422721,normal,3,Jenniferville
2025-11-22 10:18:56.166939,18.653399243380946,64.27105682547545,65.04425814899959,normal,1,New Cherylton
2025-11-22 10:33:56.166939,20.989597498141386,60.46652067084793,63.52548958388824,normal,1,New Cherylton
2025-11-22 10:48:56.166939,22.121293763166182,64.76075396759973,61.41880290641041,normal,3,Jenniferville
2025-11-22 11:03:56.166939,21.57654389942561,67.98074242908032,64.46397160473379,normal,3,Jenniferville
2025-11-22 11:18:56.166939,22.27098948122884,60.052522495810905,67.80959796743674,normal,3,Jenniferville
2025-11-22 11:33:56.166939,23.89301140813617,58.84558063171738,62.4110280447376,normal,3,Jenniferville
2025-11-22 11:48:56.166939,23.815448578788242,57.407890844403255,62.653480634471514,normal,3,Jenniferville
2025-11-22 12:03:56.166939,22.875785488978053,62.06329735956774,63.87673091483206,normal,1,New Cherylton
2025-11-22 12:18:56.166939,22.73874623170609,60.52066532707132,64.62727145859617,normal,2,Lake Kathybury
2025-11-22 12:33:56.166939,23.436829507207733,60.158653851627065,64.7417438640668,normal,3,Jenniferville
2025-11-22 12:48:56.166939,23.52261007653217,55.16119972574285,64.16811441763278,normal,3,Jenniferville
2025-11-22 13:03:56.166939,24.947586614290522,55.76720272414471,64.45179957876178,normal,2,Lake Kathybury
2025-11-22 13:18:56.166939,24.813949962521505,60.63598450167101,65.07313965083088,normal,2,Lake Kathybury
2025-11-22 13:33:56.166939,24.952247141379182,56.79372724288788,61.479238344215354,normal,2,Lake Kathybury
2025-11-22 13:48:56.166939,25.299811635853494,55.18115799128186,65.75435184744482,normal,2,Lake Kathybury
2025-11-22 14:03:56.166939,26.086752550967933,54.087941434771935,64.21072634811382,normal,3,Jenniferville
2025-11-22 14:18:56.166939,25.629427808442614,51.04863793440777,61.734067576399596,normal,3,Jenniferville
2025-11-22 14:33:56.166939,25.097056759642122,51.25540088609078,62.29359480041726,normal,3,Jenniferville
2025-11-22 14:48:56.166939,26.632873350415437,51.80879214439701,65.69535968663371,normal,1,New Cherylton
2025-11-22 15:03:56.166939,26.9869603661501,54.66327447267719,65.00587174604036,normal,3,Jenniferville
2025-11-22 15:18:56.166939,26.537359364263363,55.416961075204966,66.42927613112245,normal,3,Jenniferville
2025-11-22 15:33:56.166939,29.333135327455146,52.695494766259216,63.05684531442461,normal,3,Jenniferville
2025-11-22 15:48:56.166939,27.985670266878454,54.73319458185354,66.22473939508066,normal,2,Lake Kathybury
2025-11-22 16:03:56.166939,26.740301540332897,44.354777817623855,67.5669132450482,normal,3,Jenniferville
2025-11-22 16:18:56.166939,26.86717305195199,44.19944660010747,65.10297673305806,normal,1,New Cherylton
2025-11-22 16:33:56.166939,27.69896631917119,52.07849723493061,66.04475084311002,normal,3,Jenniferville
2025-11-22 16:48:56.166939,26.617012735062676,51.78538859038441,68.62434056569872,normal,3,Jenniferville
2025-11-22 17:03:56.166939,28.20647646601437,52.346381610653346,64.9188399662855,normal,2,Lake Kathybury
2025-11-22 17:18:56.166939,27.926441879989238,52.098972429354575,65.55216713208303,normal,1,New Cherylton
2025-11-22 17:33:56.166939,27.686915991236276,49.52532677433329,66.89290131573026,normal,3,Jenniferville
2025-11-22 17:48:56.166939,28.15311794182252,51.80091072700289,62.78778602163459,normal,3,Jenniferville
2025-11-22 18:03:56.166939,26.55017463338602,55.14425092040064,63.555514751418656,normal,3,Jenniferville
2025-11-22 18:18:56.166939,28.31650098451208,50.856222427650266,62.801344908246485,normal,1,New Cherylton
2025-11-22 18:33:56.166939,28.741818250250475,47.37221327031273,63.734101796044015,normal,2,Lake Kathybury
2025-11-22 18:48:56.166939,28.039628392318896,54.53610500146735,62.9197193700089,normal,1,New Cherylton
2025-11-22 19:03:56.166939,28.74439642549192,50.549572291090534,61.34378672465404,normal,1,New Cherylton
2025-11-22 19:18:56.166939,27.104465804855202,54.033552752249975,62.894172637416865,normal,1,New Cherylton
2025-11-22 19:33:56.166939,26.740145629008428,52.95622471143113,64.50451804184615,normal,1,New Cherylton
2025-11-22 19:48:56.166939,27.00703312060389,53.36792037451303,66.26860094256864,normal,2,Lake Kathybury
2025-11-22 20:03:56.166939,26.576564112983753,52.111548962348294,63.158574633479795,normal,2,Lake Kathybury
2025-11-22 20:18:56.166939,27.692093177071403,46.24581943728088,61.189146653459545,normal,2,Lake Kathybury
2025-11-22 20:33:56.166939,27.107060703428576,50.51971111795275,60.58403017252522,normal,3,Jenniferville
2025-11-22 20:48:56.166939,27.168732410878906,50.909782452673355,59.127018828671126,normal,2,Lake Kathybury
2025-11-22 21:03:56.166939,26.51074783932202,52.15220702191029,61.34639746386739,normal,2,Lake Kathybury
2025-11-22 21:18:56.166939,26.251169232211556,50.63127817218882,57.61837716975434,normal,3,Jenniferville
2025-11-22 21:33:56.166939,26.549837765362803,80.8768753084997,64.46214910492766,random_spike,2,Lake Kathybury
2025-11-22 21:48:56.166939,25.023403934332453,53.35751187067494,60.48055684500112,random_spike,3,Jenniferville
2025-11-22 22:03:56.166939,26.11278175038502,56.2845369153219,63.501592919884445,random_spike,1,New Cherylton
2025-11-22 22:18:56.166939,26.66605782369687,55.443066334106234,63.46571232953006,random_spike,3,Jenniferville
2025-11-22 22:33:56.166939,24.854498590034726,57.984828016451644,58.630010262555025,random_spike,3,Jenniferville
2025-11-22 22:48:56.166939,23.38358206012682,58.09837165253056,59.298701733227446,random_spike,2,Lake Kathybury
2025-11-22 23:03:56.166939,26.29219743900655,57.28979401691485,57.154172953823796,random_spike,3,Jenniferville
2025-11-22 23:18:56.166939,23.73284701875548,55.054200203097615,57.744366764150186,random_spike,1,New Cherylton
2025-11-22 23:33:56.166939,23.281270892054355,59.724689804382095,62.052833123250906,random_spike,3,Jenniferville
2025-11-22 23:48:56.166939,24.53299874308599,64.50447942353193,56.98629609220468,normal,2,Lake Kathybury
2025-11-23 00:03:56.166939,22.1441341107239,61.96982622907275,36.92388785562599,moisture_drop,1,New Cherylton
2025-11-23 00:18:56.166939,22.880595268078746,59.46466916552578,38.091295436618,moisture_drop,3,Jenniferville
2025-11-23 00:33:56.166939,21.69343616623451,61.24801052073343,36.95126402749075,moisture_drop,2,Lake Kathybury
2025-11-23 00:48:56.166939,22.735988570292413,62.92187669070763,38.04490587712604,moisture_drop,3,Jenniferville
2025-11-23 01:03:56.166939,22.70021722659901,63.35733397259509,37.471520560843075,moisture_drop,2,Lake Kathybury
2025-11-23 01:18:56.166939,22.767592086037155,65.34897183250452,36.643381836453585,moisture_drop,2,Lake Kathybury
2025-11-23 01:33:56.166939,21.848877588363074,63.79942394024013,37.8350880218494,moisture_drop,3,Jenniferville
2025-11-23 01:48:56.166939,19.86214531031039,65.26359199704629,36.403235840942216,humidity_drift,1,New Cherylton
2025-11-23 02:03:56.166939,19.19429942369938,66.3182436621938,34.82235673658063,humidity_drift,3,Jenniferville
2025-11-23 02:18:56.166939,20.386542497547243,71.31949763977099,64.08944876478029,humidity_drift,2,Lake Kathybury
2025-11-23 02:33:56.166939,19.9315577805912,77.23944801922481,63.337103019411494,humidity_drift,1,New Cherylton
2025-11-23 02:48:56.166939,19.105546118721545,77.35755259636036,57.97893574322083,humidity_drift,2,Lake Kathybury
2025-11-23 03:03:56.166939,20.031067251212672,79.6211713267411,59.763142207537726,humidity_drift,1,New Cherylton
2025-11-23 03:18:56.166939,18.985379225955924,82.32046662727029,61.74695859427306,humidity_drift,2,Lake Kathybury
2025-11-23 03:33:56.166939,17.94057326980745,84.55248187027114,60.78519159522638,humidity_drift,2,Lake Kathybury
2025-11-23 03:48:56.166939,17.53166243815994,86.88238716824551,63.707887251246916,humidity_drift,1,New Cherylton
2025-11-23 04:03:56.166939,19.094508119267598,72.54211048362504,59.91108025655783,normal,3,Jenniferville
2025-11-23 04:18:56.166939,17.771849083641733,64.2369079570946,61.69311956944051,normal,3,Jenniferville
2025-11-23 04:33:56.166939,19.462639591360073,71.48607033513846,63.09055933156568,normal,1,New Cherylton
2025-11-23 04:48:56.166939,20.194471004154906,71.28023368596999,64.1735826630829,normal,2,Lake Kathybury
2025-11-23 05:03:56.166939,18.69049318443199,74.09155651887181,65.91185920710221,normal,2,Lake Kathybury
2025-11-23 05:18:56.166939,16.550900206793155,67.91580433723773,61.337624726539744,normal,3,Jenniferville
2025-11-23 05:33:56.166939,18.303285347516386,67.619486772927,64.08225279267815,normal,2,Lake Kathybury
2025-11-23 05:48:56.166939,17.460738401653355,73.13461620054554,60.350824180842,normal,2,Lake Kathybury
2025-11-23 06:03:56.166939,18.56154452712855,71.3752093921541,64.89481166522107,normal,3,Jenniferville
2025-11-23 06:18:56.166939,18.901522809796653,68.27753863805907,66.27973061802268,normal,3,Jenniferville
2025-11-23 06:33:56.166939,18.64715659903452,71.9221305219935,60.09881598530809,normal,2,Lake Kathybury
2025-11-23 06:48:56.166939,18.88430010174334,67.06477904300434,65.59325490248243,normal,1,New Cherylton
2025-11-23 07:03:56.166939,18.328600401234908,76.5810122329896,66.70576339384614,normal,1,New Cherylton
2025-11-23 07:18:56.166939,20.311416002778806,68.99797820171318,61.03674324052293,normal,2,Lake Kathybury
2025-11-23 07:33:56.166939,18.193470274419038,67.40094773006238,60.65740383818419,normal,1,New Cherylton
2025-11-23 07:48:56.166939,17.036258211840032,69.31579351513419,66.04194176855577,normal,1,New Cherylton
2025-11-23 08:03:56.166939,19.66949977738096,72.07855451147812,63.44718654936229,normal,3,Jenniferville
2025-11-23 08:18:56.166939,19.259828283525206,68.17325029789613,63.88030712013983,normal,2,Lake Kathybury
2025-11-23 08:33:56.166939,19.18363808227038,67.05847472900561,64.06297465295052,normal,2,Lake Kathybury
2025-11-23 08:48:56.166939,18.38874565784298,69.23926823675961,65.68613549555707,normal,1,New Cherylton
2025-11-23 09:03:56.166939,18.249581057533785,67.1179982183762,64.83156723263174,normal,1,New Cherylton
2025-11-23 09:18:56.166939,49.39972153679449,66.51463601791761,45.95158985869578,random_spike,3,Jenniferville
2025-11-23 09:33:56.166939,21.487092630391917,62.966205234818226,43.16620295042063,random_spike,2,Lake Kathybury
2025-11-23 09:48:56.166939,20.88914765200947,65.60996154918931,47.4077969156959,random_spike,3,Jenniferville
2025-11-23 10:03:56.166939,21.45963221324555,61.49548737278165,47.70060095469458,random_spike,2,Lake Kathybury
2025-11-23 10:18:56.166939,21.369058880082815,61.225548905977064,47.19050030982767,random_spike,2,Lake Kathybury
2025-11-23 10:33:56.166939,21.18757941651122,64.85973991340784,43.68504318046848,random_spike,1,New Cherylton
2025-11-23 10:48:56.166939,20.219821871059082,59.92060505131275,50.01113745394004,random_spike,2,Lake Kathybury
2025-11-23 11:03:56.166939,22.756523974869886,62.941031460085775,48.0070725063369,random_spike,1,New Cherylton
2025-11-23 11:18:56.166939,23.146592882615703,62.54605010833169,44.966538892964955,random_spike,2,Lake Kathybury
2025-11-23 11:33:56.166939,23.0615116094614,62.7655548717985,62.96161027699768,normal,3,Jenniferville
2025-11-23 11:48:56.166939,22.11526466701222,54.677045681076244,66.2371099000708,normal,2,Lake Kathybury
2025-11-23 12:03:56.166939,22.46772796887155,61.24661586684623,61.54975560076389,normal,2,Lake Kathybury
2025-11-23 12:18:56.166939,22.329333672781278,61.1966608993439,65.52246659742559,normal,3,Jenniferville
2025-11-23 12:33:56.166939,23.205029851966653,56.8292402244028,64.50425966402827,normal,3,Jenniferville
2025-11-23 12:48:56.166939,24.040531615574654,62.21490815362773,67.19836103587585,normal,1,New Cherylton
2025-11-23 13:03:56.166939,25.124752350575715,56.10120752573374,62.834976147641115,normal,3,Jenniferville
2025-11-23 13:18:56.166939,25.83687694007086,58.94995607414146,67.37025366218377,normal,1,New Cherylton
2025-11-23 13:33:56.166939,24.82918274547037,56.68310826030644,66.09501068230009,normal,3,Jenniferville
2025-11-23 13:48:56.166939,25.29353454577362,57.33891884174009,64.57605767896605,normal,2,Lake Kathybury
2025-11-23 14:03:56.166939,24.76425731436033,56.606497730682804,63.51370245875466,normal,2,Lake Kathybury
2025-11-23 14:18:56.166939,25.332854360527087,49.995213788084115,64.3957722526538,humidity_drift,3,Jenniferville
2025-11-23 14:33:56.166939,26.086836700132473,57.953913031717434,66.71520995748516,humidity_drift,1,New Cherylton
2025-11-23 14:48:56.166939,27.22647094236354,53.86109895092316,63.97240972600946,humidity_drift,3,Jenniferville
2025-11-23 15:03:56.166939,27.76813829038347,54.2062576766756,61.548685469385234,humidity_drift,2,Lake Kathybury
2025-11-23 15:18:56.166939,26.7921113503984,61.080122357951936,65.18180517720742,humidity_drift,3,Jenniferville
2025-11-23 15:33:56.166939,55.6200939190462,60.42536575677316,62.987447402163085,random_spike,1,New Cherylton
2025-11-23 15:48:56.166939,25.909251255217477,60.47940312450634,62.171216577870496,random_spike,1,New Cherylton
2025-11-23 16:03:56.166939,28.775941113135993,63.63617998539001,60.07799801842536,random_spike,3,Jenniferville
2025-11-23 16:18:56.166939,26.625898737842228,69.8039399440443,63.74235488632412,random_spike,1,New Cherylton
2025-11-23 16:33:56.166939,27.543912677828413,51.94920704225649,64.07569883494848,random_spike,3,Jenniferville
2025-11-23 16:48:56.166939,27.778719553119423,52.16465746967045,62.68717925374422,random_spike,3,Jenniferville
2025-11-23 17:03:56.166939,28.689641172538114,50.784729630580884,60.415521699782076,random_spike,2,Lake Kathybury
2025-11-23 17:18:56.166939,26.588594920324567,52.35588073019274,63.26196052909507,random_spike,2,Lake Kathybury
2025-11-23 17:33:56.166939,28.676265569171427,51.343281834281065,59.89647920626071,random_spike,2,Lake Kathybury
2025-11-23 17:48:56.166939,28.477638075863954,48.19295044373323,67.5262674423881,normal,1,New Cherylton
2025-11-23 18:03:56.166939,27.86900064519772,51.2119705498738,65.22536384896114,normal,3,Jenniferville
2025-11-23 18:18:56.166939,29.01323737073669,49.705850147203634,61.71718749139765,normal,3,Jenniferville
2025-11-23 18:33:56.166939,27.09572286234884,49.444420002244385,63.19225638559984,normal,2,Lake Kathybury
2025-11-23 18:48:56.166939,27.038990476452543,49.67546802167105,64.92306716405926,normal,2,Lake Kathybury
2025-11-23 19:03:56.166939,29.825598953157595,43.21172641040981,62.207998059075884,normal,1,New Cherylton
2025-11-23 19:18:56.166939,28.241765344442758,48.367297597886036,61.719462412222974,normal,1,New Cherylton
2025-11-23 19:33:56.166939,26.72112014838783,50.52807562759696,64.52480871645452,normal,3,Jenniferville
2025-11-23 19:48:56.166939,27.235728591853807,48.91797036933861,62.34350611768938,normal,1,New Cherylton
2025-11-23 20:03:56.166939,27.592369290686616,53.874868574562925,61.86205971009344,normal,2,Lake Kathybury
2025-11-23 20:18:56.166939,27.208714546393335,51.492226449908685,63.61828376607742,normal,1,New Cherylton
2025-11-23 20:33:56.166939,25.84832606771158,48.28140282300808,61.73601424209632,normal,1,New Cherylton
2025-11-23 20:48:56.166939,27.13148827132863,53.4136152622034,62.99635296854871,normal,2,Lake Kathybury
2025-11-23 21:03:56.166939,25.53779885803617,53.3282016772501,61.31133872507631,normal,2,Lake Kathybury
2025-11-23 21:18:56.166939,24.68309963369021,53.729055734240724,61.60387455782615,normal,3,Jenniferville
2025-11-23 21:33:56.166939,25.52599315745934,61.62427675193425,63.092212764309956,normal,2,Lake Kathybury
2025-11-23 21:48:56.166939,26.053690214507807,51.05505246961261,58.98691656850225,normal,2,Lake Kathybury
2025-11-23 22:03:56.166939,25.286878234150002,52.07612828438757,62.84176456552053,normal,3,Jenniferville
2025-11-23 22:18:56.166939,24.048314369714568,51.83285910592624,62.612557137546546,normal,3,Jenniferville
2025-11-23 22:33:56.166939,24.1205395808221,56.12265689791081,60.1688532330863,normal,3,Jenniferville
2025-11-23 22:48:56.166939,24.07219989820264,54.32392021402537,60.52579216134871,normal,3,Jenniferville
2025-11-23 23:03:56.166939,24.1206938834611,59.327948933214856,63.20090521216,normal,1,New Cherylton
2025-11-23 23:18:56.166939,24.6376739430175,63.68668115207214,63.790036169326015,normal,2,Lake Kathybury
2025-11-23 23:33:56.166939,23.216941900040148,59.77513747862711,63.02985473365698,normal,3,Jenniferville
2025-11-23 23:48:56.166939,22.78420237561922,63.83199572112298,60.35416204406199,normal,3,Jenniferville
2025-11-24 00:03:56.166939,22.896769214182267,65.52950161025542,61.167968737931474,normal,2,Lake Kathybury
2025-11-24 00:18:56.166939,21.1686102241802,62.44588055417827,60.93401981965443,normal,3,Jenniferville
2025-11-24 00:33:56.166939,45.93246823891477,61.1661469457194,59.33749017224888,random_spike,1,New Cherylton
2025-11-24 00:48:56.166939,23.076175522063547,63.343926227033414,61.56329351886236,random_spike,1,New Cherylton
2025-11-24 01:03:56.166939,22.76820846717797,58.131506075271766,62.00994253217628,random_spike,2,Lake Kathybury
2025-11-24 01:18:56.166939,21.74655667396857,64.4943276979885,60.41936577382673,random_spike,2,Lake Kathybury
2025-11-24 01:33:56.166939,20.180780842569046,63.54450583857415,61.262536652673575,random_spike,1,New Cherylton
2025-11-24 01:48:56.166939,20.225304328854133,66.47403578820781,58.63447775111478,random_spike,2,Lake Kathybury
2025-11-24 02:03:56.166939,20.381993638483408,65.54437561091689,63.41375633564375,random_spike,1,New Cherylton
2025-11-24 02:18:56.166939,21.241077774000853,64.36935604123302,62.08744275529885,random_spike,2,Lake Kathybury
2025-11-24 02:33:56.166939,18.851648644389655,66.99355379215814,62.74282051832977,random_spike,3,Jenniferville
2025-11-24 02:48:56.166939,19.42153911360584,66.41807128640876,66.86658288188976,normal,1,New Cherylton
2025-11-24 03:03:56.166939,19.754845735345114,71.05473103143636,63.55553409987499,normal,2,Lake Kathybury
2025-11-24 03:18:56.166939,20.539563042710856,67.23389388891385,57.26097853918174,normal,1,New Cherylton
2025-11-24 03:33:56.166939,18.973052292398265,65.18235709388759,63.57964068744329,normal,2,Lake Kathybury
2025-11-24 03:48:56.166939,18.124850484924213,64.70839576941293,61.07772424502912,normal,3,Jenniferville
2025-11-24 04:03:56.166939,18.83538309615326,73.07302254268966,63.425504248562845,normal,3,Jenniferville
2025-11-24 04:18:56.166939,19.047517070418678,65.94391977582531,60.92351007961415,normal,1,New Cherylton
2025-11-24 04:33:56.166939,17.870019478308084,69.04138217970183,62.6116664267612,normal,3,Jenniferville
2025-11-24 04:48:56.166939,17.70454023253351,67.01970232016559,66.68304583489547,normal,1,New Cherylton
2025-11-24 05:03:56.166939,18.73982825766448,68.90011219039475,63.78006400262989,normal,2,Lake Kathybury
2025-11-24 05:18:56.166939,16.95220715472142,68.86536346293053,39.92348768850798,moisture_drop,2,Lake Kathybury
2025-11-24 05:33:56.166939,18.870717251745727,71.56934051118868,40.098883371364934,moisture_drop,3,Jenniferville
2025-11-24 05:48:56.166939,20.347952958176148,71.93513003557187,42.3966111413107,moisture_drop,3,Jenniferville
2025-11-24 06:03:56.166939,17.167234036786137,74.07891514568085,43.38600387452034,moisture_drop,1,New Cherylton
2025-11-24 06:18:56.166939,17.986585262194293,67.75280142261529,46.76272678369467,moisture_drop,1,New Cherylton
2025-11-24 06:33:56.166939,17.38265679548234,71.01021989675574,47.320942996121936,moisture_drop,3,Jenniferville
2025-11-24 06:48:56.166939,19.049309390265286,70.15284766854059,44.73695365497732,moisture_drop,2,Lake Kathybury
2025-11-24 07:03:56.166939,17.8454033196698,69.17961058657963,46.59407179115281,moisture_drop,1,New Cherylton
2025-11-24 07:18:56.166939,18.146293269039568,73.18648167482418,44.02414454601142,moisture_drop,1,New Cherylton
2025-11-24 07:33:56.166939,18.073245726094534,68.68687764058518,66.16316545640956,normal,2,Lake Kathybury
2025-11-24 07:48:56.166939,18.91058965369077,69.46610321540676,60.62978265432875,normal,2,Lake Kathybury
2025-11-24 08:03:56.166939,18.054932689303293,69.43190791365232,63.56105823227365,normal,3,Jenniferville
2025-11-24 08:18:56.166939,19.791575871816928,69.17845493416776,65.54493039255988,normal,3,Jenniferville
2025-11-24 08:33:56.166939,20.25869006036348,62.4504297843447,65.0831009887688,normal,1,New Cherylton
2025-11-24 08:48:56.166939,19.20951070782581,73.07163414544597,61.07914151983146,normal,1,New Cherylton
2025-11-24 09:03:56.166939,19.918991115109634,63.63550260169477,64.76695259208218,normal,1,New Cherylton
2025-11-24 09:18:56.166939,19.528857414717788,68.81814928985617,61.82536015382253,normal,1,New Cherylton
2025-11-24 09:33:56.166939,20.861474254599894,62.031815082414994,64.1626226125609,normal,1,New Cherylton
2025-11-24 09:48:56.166939,20.749008723389373,67.68819738924327,68.44432335663473,normal,3,Jenniferville
2025-11-24 10:03:56.166939,21.0668447043337,68.81677232758325,60.99462209092017,normal,1,New Cherylton
2025-11-24 10:18:56.166939,20.86421001602413,84.6944748952084,65.54673079566791,random_spike,1,New Cherylton
2025-11-24 10:33:56.166939,21.4316640965453,63.3323974361816,66.71308687722414,random_spike,1,New Cherylton
2025-11-24 10:48:56.166939,22.34039743244111,62.083812481343884,66.43122886207864,random_spike,3,Jenniferville
2025-11-24 11:03:56.166939,21.336826816069685,62.49894057645023,67.62632763799282,random_spike,1,New Cherylton
2025-11-24 11:18:56.166939,24.244007771244565,62.44505570167965,66.78167739952146,random_spike,3,Jenniferville
2025-11-24 11:33:56.166939,22.66246853254034,59.067246400002226,66.37001733278026,random_spike,1,New Cherylton
2025-11-24 11:48:56.166939,23.679120255228987,55.53654182913761,64.13314742060611,random_spike,1,New Cherylton
2025-11-24 12:03:56.166939,24.170661134097436,61.774655157849494,66.38891912807269,random_spike,1,New Cherylton
2025-11-24 12:18:56.166939,22.637024507231924,59.333685998120906,66.79308387894488,random_spike,1,New Cherylton
2025-11-24 12:33:56.166939,23.556457521687257,53.72066009568712,65.1974457294485,normal,3,Jenniferville
2025-11-24 12:48:56.166939,23.787019018264754,57.65631864832733,63.27759779091129,normal,2,Lake Kathybury
2025-11-24 13:03:56.166939,24.556659557060808,64.93441882701435,64.52696047531664,normal,1,New Cherylton
2025-11-24 13:18:56.166939,24.506332827850894,57.10142026745972,68.74913117038108,normal,3,Jenniferville
2025-11-24 13:33:56.166939,23.71557593591854,58.28578811651671,67.07417437916469,normal,2,Lake Kathybury
2025-11-24 13:48:56.166939,25.98282785704089,52.625654634124466,65.84024873788529,normal,2,Lake Kathybury
2025-11-24 14:03:56.166939,23.836752101745077,55.133719544863105,63.52945823688007,normal,1,New Cherylton
2025-11-24 14:18:56.166939,25.128729462003946,56.092558703771395,67.60232989953212,normal,2,Lake Kathybury
2025-11-24 14:33:56.166939,26.51903948041917,51.02668824406556,63.191567036669845,normal,1,New Cherylton
2025-11-24 14:48:56.166939,25.716468894389415,52.999153208699234,64.93594132786109,normal,3,Jenniferville
2025-11-24 15:03:56.166939,26.749259662830898,57.135918432056954,65.1670296058418,normal,2,Lake Kathybury
2025-11-24 15:18:56.166939,26.749533102682992,50.804462124368634,61.86992808751528,normal,1,New Cherylton
2025-11-24 15:33:56.166939,26.16295012644775,50.674343296008246,65.84229287501589,normal,2,Lake Kathybury
2025-11-24 15:48:56.166939,28.762562258746172,53.75618706139614,64.42604507378243,normal,2,Lake Kathybury
2025-11-24 16:03:56.166939,26.203807931337735,46.46927795739198,64.93897836249172,normal,1,New Cherylton
2025-11-24 16:18:56.166939,29.041791503097297,47.66721881302057,66.66900011590373,normal,3,Jenniferville
2025-11-24 16:33:56.166939,27.298650590248688,52.334287063359874,64.04407591214373,normal,2,Lake Kathybury
2025-11-24 16:48:56.166939,28.520082267137628,50.433940297374754,65.12619393431824,normal,2,Lake Kathybury
2025-11-24 17:03:56.166939,28.180065820088785,50.802174175535896,64.97580721505992,normal,3,Jenniferville
2025-11-24 17:18:56.166939,29.201191605272655,49.72937376208359,62.95641563355003,normal,3,Jenniferville
2025-11-24 17:33:56.166939,28.501595079515113,44.08131003852271,61.592166964190234,normal,3,Jenniferville
2025-11-24 17:48:56.166939,27.312287143019393,57.449058184788996,63.9499280930668,normal,3,Jenniferville
2025-11-24 18:03:56.166939,29.430939244946906,45.04838003603508,63.926218013657945,normal,3,Jenniferville
2025-11-24 18:18:56.166939,27.063605258408405,52.4125466753581,65.19402657187074,normal,3,Jenniferville
2025-11-24 18:33:56.166939,27.812574520020892,48.09041662917435,65.09070426155475,normal,3,Jenniferville
2025-11-24 18:48:56.166939,27.980315880130973,49.87613440784509,63.38008649804709,normal,1,New Cherylton
2025-11-24 19:03:56.166939,29.11905444781133,45.058171048450134,65.54370136269047,normal,2,Lake Kathybury
2025-11-24 19:18:56.166939,28.504613118298295,51.122800825713306,45.498481821132685,moisture_drop,3,Jenniferville
2025-11-24 19:33:56.166939,26.72526383115092,49.17876640666092,38.66773055232392,moisture_drop,1,New Cherylton
2025-11-24 19:48:56.166939,28.958835310746764,49.642996778645326,39.825846774886266,moisture_drop,3,Jenniferville
2025-11-24 20:03:56.166939,26.713837162852325,47.7781686831121,36.26010299416178,moisture_drop,1,New Cherylton
2025-11-24 20:18:56.166939,26.65813630772437,45.90928502504682,42.99422327750071,moisture_drop,1,New Cherylton
2025-11-24 20:33:56.166939,26.79832290905559,56.30528106554037,40.192415789097936,moisture_drop,1,New Cherylton
2025-11-24 20:48:56.166939,26.236855482612167,48.20108771081491,41.392946991821134,moisture_drop,1,New Cherylton
2025-11-24 21:03:56.166939,26.827688098786286,49.32878494779339,37.417760250640654,moisture_drop,2,Lake Kathybury
2025-11-24 21:18:56.166939,26.000562692296043,56.86836184739575,39.17477424805094,moisture_drop,2,Lake Kathybury
2025-11-24 21:33:56.166939,26.30472150701024,52.68120762675812,60.513186136215324,normal,2,Lake Kathybury
2025-11-24 21:48:56.166939,25.221928539870486,54.652054666664185,63.69885797199564,normal,2,Lake Kathybury
2025-11-24 22:03:56.166939,25.423598264398752,54.67532444901683,62.35483941230298,normal,3,Jenniferville
2025-11-24 22:18:56.166939,25.80021157036378,56.82242292141364,64.34722422808807,normal,3,Jenniferville
2025-11-24 22:33:56.166939,25.749390566512254,55.91151623234391,63.79899224476478,normal,2,Lake Kathybury
2025-11-24 22:48:56.166939,24.050090519763835,56.41704938018546,61.63921701565229,normal,3,Jenniferville
2025-11-24 23:03:56.166939,24.202942466412846,57.743689882541915,61.648531039577534,normal,1,New Cherylton
2025-11-24 23:18:56.166939,22.23140806247126,62.57412346585525,61.63222247952572,normal,2,Lake Kathybury
2025-11-24 23:33:56.166939,24.98352835717165,61.77968001305298,59.8312360422425,normal,1,New Cherylton
2025-11-24 23:48:56.166939,23.02071700117848,59.291870583331686,59.57734983089741,normal,2,Lake Kathybury
2025-11-25 00:03:56.166939,22.200583506112643,60.35744236868989,60.09108976608375,normal,3,Jenniferville
2025-11-25 00:18:56.166939,23.292330247725094,62.23312870082009,63.65905671750311,normal,1,New Cherylton
2025-11-25 00:33:56.166939,22.37225876735173,61.350238504412985,59.20986821412244,normal,1,New Cherylton
2025-11-25 00:48:56.166939,21.234295459274065,55.119300945520706,60.31407913759826,normal,2,Lake Kathybury
2025-11-25 01:03:56.166939,22.028331275802564,59.29464556226233,61.510721888350375,normal,2,Lake Kathybury
2025-11-25 01:18:56.166939,21.35668416375986,62.542933470744195,58.31897114676077,normal,3,Jenniferville
2025-11-25 01:33:56.166939,21.91716386632388,67.83677727982446,60.60011395432923,normal,1,New Cherylton
2025-11-25 01:48:56.166939,19.866766605333993,63.75447201992681,65.0272236054715,normal,1,New Cherylton
2025-11-25 02:03:56.166939,21.015836134430646,60.82006987749566,60.94773690984779,normal,2,Lake Kathybury
2025-11-25 02:18:56.166939,19.60019334906459,68.31812348218793,63.63025979373319,normal,1,New Cherylton
2025-11-25 02:33:56.166939,20.522523599974736,63.87528275092026,57.4239870825944,normal,1,New Cherylton
2025-11-25 02:48:56.166939,18.71908653048471,66.12890851587323,61.6326804652937,normal,1,New Cherylton
2025-11-25 03:03:56.166939,19.88770318258766,64.55468143001674,59.63319521926451,normal,2,Lake Kathybury
2025-11-25 03:18:56.166939,19.892643541742036,69.33723464263363,60.98808274037181,normal,1,New Cherylton
2025-11-25 03:33:56.166939,18.25788788472519,67.1188435519894,61.66206431396053,normal,3,Jenniferville
2025-11-25 03:48:56.166939,19.0904105479351,65.938449676478,62.32076082398071,normal,1,New Cherylton
2025-11-25 04:03:56.166939,17.953046422312667,71.48036232057855,64.674702363542,normal,3,Jenniferville
2025-11-25 04:18:56.166939,19.346293788881372,68.57300588042247,65.68666529560244,normal,2,Lake Kathybury
2025-11-25 04:33:56.166939,18.210816951421823,70.37283088006392,61.63331572472107,normal,3,Jenniferville
2025-11-25 04:48:56.166939,19.713002193171803,67.70784086202549,62.90647719176999,normal,3,Jenniferville
2025-11-25 05:03:56.166939,17.959818566983323,68.40030805766314,64.14315399524294,normal,1,New Cherylton
2025-11-25 05:18:56.166939,17.770115573737662,69.36648995176834,61.101187957174595,normal,2,Lake Kathybury
2025-11-25 05:33:56.166939,18.22955004896467,73.10280733548834,66.381010250133,normal,2,Lake Kathybury
2025-11-25 05:48:56.166939,18.204691606446392,74.60191171113962,64.08226356385259,normal,3,Jenniferville
2025-11-25 06:03:56.166939,17.159569101726962,72.89576330182643,65.13778529751426,normal,1,New Cherylton
2025-11-25 06:18:56.166939,17.718616972776303,66.53428193605058,64.45009119094091,normal,3,Jenniferville
2025-11-25 06:33:56.166939,18.920960681695483,68.44803936838434,67.29599843622302,normal,3,Jenniferville
2025-11-25 06:48:56.166939,18.87340936843715,64.33967402053722,64.86764096719858,normal,3,Jenniferville
2025-11-25 07:03:56.166939,20.284196846285784,71.60909089934391,66.99065390005781,normal,2,Lake Kathybury
2025-11-25 07:18:56.166939,19.45799570373959,69.3697447124533,64.35574062219028,normal,3,Jenniferville
2025-11-25 07:33:56.166939,18.42501081403064,70.55765791954204,60.63862857816175,normal,1,New Cherylton
2025-11-25 07:48:56.166939,18.382550291928055,76.3116440672396,65.37702171658393,normal,2,Lake Kathybury
2025-11-25 08:03:56.166939,18.458891432206965,66.71249599367786,63.93632437042091,normal,3,Jenniferville
2025-11-25 08:18:56.166939,16.623187526854284,67.80111243914577,63.627117856511,normal,2,Lake Kathybury
2025-11-25 08:33:56.166939,20.104485990994974,69.13663968604871,64.64256068917156,normal,2,Lake Kathybury
2025-11-25 08:48:56.166939,19.92447396491159,74.88142368947655,64.61576491496142,normal,2,Lake Kathybury
2025-11-25 09:03:56.166939,19.57080481434266,71.80438120581917,66.59483625873165,normal,2,Lake Kathybury
2025-11-25 09:18:56.166939,18.761246605731642,68.38893243741923,61.16147948446515,normal,1,New Cherylton
2025-11-25 09:33:56.166939,19.253321516835577,65.63004773598232,66.30762627901815,normal,2,Lake Kathybury
2025-11-25 09:48:56.166939,21.66014041653626,68.82480165926944,67.63901917848573,normal,1,New Cherylton
2025-11-25 10:03:56.166939,20.804698920472173,64.22976557623079,65.96461807819747,normal,1,New Cherylton
2025-11-25 10:18:56.166939,19.86380827238961,68.63738179249461,66.28004271204198,normal,2,Lake Kathybury
2025-11-25 10:33:56.166939,20.20057772073932,58.35036293242642,61.52905977936442,normal,3,Jenniferville
2025-11-25 10:48:56.166939,21.008213980306746,63.581682511392174,64.07703970834743,normal,3,Jenniferville
2025-11-25 11:03:56.166939,22.766031718782084,62.02362061080513,66.42794464940188,normal,3,Jenniferville
2025-11-25 11:18:56.166939,21.56845487861422,63.92581906868877,64.01275824387174,normal,2,Lake Kathybury
2025-11-25 11:33:56.166939,21.986588496211027,59.42018374506519,66.62961774756876,normal,3,Jenniferville
2025-11-25 11:48:56.166939,22.12906023694707,61.04667854386019,63.9192200794291,normal,3,Jenniferville
2025-11-25 12:03:56.166939,22.507567098343404,53.666237841099715,64.14959464361473,normal,2,Lake Kathybury
2025-11-25 12:18:56.166939,22.40090566439231,55.03374911235376,63.98831908349051,normal,3,Jenniferville
2025-11-25 12:33:56.166939,22.585550285597353,61.11513218740729,65.05477866785102,normal,1,New Cherylton
2025-11-25 12:48:56.166939,22.76339321112549,51.514630116391174,60.30235426740101,normal,3,Jenniferville
2025-11-25 13:03:56.166939,23.937115441044355,56.96843815939779,66.65785058494716,normal,2,Lake Kathybury
2025-11-25 13:18:56.166939,24.611140653650388,63.06740004868286,64.41601520076088,normal,3,Jenniferville
2025-11-25 13:33:56.166939,25.124243484758708,52.76484312776311,62.76128062392131,normal,2,Lake Kathybury
2025-11-25 13:48:56.166939,27.066396007995902,55.79668849506311,64.18692740387695,normal,1,New Cherylton
2025-11-25 14:03:56.166939,26.190871071363325,56.81374662631041,67.45919182258906,normal,1,New Cherylton
2025-11-25 14:18:56.166939,26.633503963529048,54.9814846582262,62.87762367170327,normal,3,Jenniferville
2025-11-25 14:33:56.166939,26.426697582343976,49.498306333017915,66.11649458112194,normal,1,New Cherylton
2025-11-25 14:48:56.166939,25.871981120628636,53.66157926203724,66.17972370560776,normal,1,New Cherylton
2025-11-25 15:03:56.166939,24.855511339763236,53.937610373426295,68.83286816531727,normal,1,New Cherylton
2025-11-25 15:18:56.166939,27.45115698817059,53.65207061850015,64.4737778281714,normal,2,Lake Kathybury
2025-11-25 15:33:56.166939,27.904763629504505,52.78265907877108,66.08110128922453,normal,3,Jenniferville
2025-11-25 15:48:56.166939,28.352528449214955,48.66825252989605,65.78720480711912,normal,2,Lake Kathybury
2025-11-25 16:03:56.166939,28.16138087713274,50.758018703206844,64.22903372774893,normal,3,Jenniferville
2025-11-25 16:18:56.166939,27.950353870284452,51.19970329331002,65.61179667842077,normal,2,Lake Kathybury
2025-11-25 16:33:56.166939,28.000583726247953,46.24086040481204,61.9913362401669,normal,1,New Cherylton
2025-11-25 16:48:56.166939,26.751930467670785,53.18111219662466,67.4259759170564,normal,1,New Cherylton
2025-11-25 17:03:56.166939,28.06610029587774,50.476806490756694,61.335573113272666,normal,2,Lake Kathybury
2025-11-25 17:18:56.166939,28.062269261503246,50.63569753949259,59.36593171816911,normal,3,Jenniferville
2025-11-25 17:33:56.166939,27.613856972198853,55.965662847756136,60.0212804593214,normal,1,New Cherylton
2025-11-25 17:48:56.166939,28.996193037117504,50.33602744323758,64.00054880102712,normal,3,Jenniferville
2025-11-25 18:03:56.166939,30.860165215087026,51.7252664493542,62.14370300136988,normal,1,New Cherylton
2025-11-25 18:18:56.166939,27.709074171882065,53.067907114054265,61.05020648696049,normal,2,Lake Kathybury
2025-11-25 18:33:56.166939,27.127191940291166,48.23200333634375,61.534497127292944,normal,3,Jenniferville
2025-11-25 18:48:56.166939,29.383898839581985,55.55311156439192,65.35443328999801,normal,2,Lake Kathybury
2025-11-25 19:03:56.166939,29.23630254049222,46.60460386555466,62.27462995579198,normal,3,Jenniferville
2025-11-25 19:18:56.166939,27.48470614830419,53.01489015419592,64.55214686254469,normal,3,Jenniferville
2025-11-25 19:33:56.166939,27.57508746185503,48.59016335814994,61.50721202483122,normal,2,Lake Kathybury
2025-11-25 19:48:56.166939,26.764074481477476,53.66772978684859,65.21056110793441,normal,2,Lake Kathybury
2025-11-25 20:03:56.166939,27.346016989516986,46.6811818555057,65.23295883708494,normal,3,Jenniferville
2025-11-25 20:18:56.166939,26.80267727287599,51.30597231954064,61.50274134494902,normal,1,New Cherylton
2025-11-25 20:33:56.166939,27.71997014737825,49.223824875713476,62.20758724185022,normal,2,Lake Kathybury
2025-11-25 20:48:56.166939,26.68478445250173,48.2021006542682,64.48890234879698,normal,3,Jenniferville
2025-11-25 21:03:56.166939,25.899193389842903,50.863127743616644,62.632795479466125,normal,3,Jenniferville
2025-11-25 21:18:56.166939,25.011662506090243,54.96540969408708,62.791674018799924,normal,3,Jenniferville
2025-11-25 21:33:56.166939,25.970144801914625,50.369943584115944,61.07529255457176,normal,2,Lake Kathybury
2025-11-25 21:48:56.166939,25.2124530014491,54.48498751508327,59.55286245974581,normal,1,New Cherylton
2025-11-25 22:03:56.166939,23.63352456546381,55.88203203940566,63.44042412707691,normal,1,New Cherylton
2025-11-25 22:18:56.166939,25.286670810481258,56.09010864739416,61.83692884064886,normal,2,Lake Kathybury
2025-11-25 22:33:56.166939,24.758695786169216,57.415866428753446,64.27288301309619,normal,1,New Cherylton
2025-11-25 22:48:56.166939,24.09895941155427,54.7323747938088,61.34535045941526,normal,1,New Cherylton
2025-11-25 23:03:56.166939,24.511799218924317,60.67948868243364,57.71779533242185,normal,3,Jenniferville
2025-11-25 23:18:56.166939,24.77327208059067,56.1629765600847,61.42979090542959,normal,2,Lake Kathybury
2025-11-25 23:33:56.166939,23.85589908416776,61.480817891673,62.60274994358898,normal,2,Lake Kathybury
2025-11-25 23:48:56.166939,23.026360691284342,62.74899146302465,61.80124673973001,normal,1,New Cherylton
2025-11-26 00:03:56.166939,22.373727518767478,56.14677654695138,43.085419268158,moisture_drop,3,Jenniferville
2025-11-26 00:18:56.166939,24.03166855220078,62.63445831104215,41.612598681348295,moisture_drop,1,New Cherylton
2025-11-26 00:33:56.166939,22.294580555929418,57.780790848188325,39.42796708940915,moisture_drop,2,Lake Kathybury
2025-11-26 00:48:56.166939,21.922347553266107,57.30010256391701,48.04965762859722,moisture_drop,1,New Cherylton
2025-11-26 01:03:56.166939,22.55356082684284,63.640404371162326,42.01396355270257,moisture_drop,1,New Cherylton
2025-11-26 01:18:56.166939,20.773661811515197,55.219898259749655,43.03504386401568,moisture_drop,1,New Cherylton
2025-11-26 01:33:56.166939,22.03837675829967,64.8282960374284,45.86905097932879,moisture_drop,2,Lake Kathybury
2025-11-26 01:48:56.166939,20.36112325612066,67.07178687817492,42.4852525830482,moisture_drop,2,Lake Kathybury
2025-11-26 02:03:56.166939,21.422870021372418,64.13105010222252,43.717358813451405,moisture_drop,1,New Cherylton
2025-11-26 02:18:56.166939,20.0609347913321,66.13274334224202,60.824849338398295,normal,2,Lake Kathybury
2025-11-26 02:33:56.166939,19.605841365182723,64.92744431620133,61.04832824280694,normal,3,Jenniferville
2025-11-26 02:48:56.166939,19.009733723544244,64.10254037571356,60.86998680120989,normal,2,Lake Kathybury
2025-11-26 03:03:56.166939,20.53991693388461,66.35640468481554,61.93393190577183,humidity_drift,2,Lake Kathybury
2025-11-26 03:18:56.166939,20.257307589646295,69.58665254540628,62.44900677331246,humidity_drift,1,New Cherylton
2025-11-26 03:33:56.166939,18.83935186131526,69.82015019218116,64.45557686028933,humidity_drift,2,Lake Kathybury
2025-11-26 03:48:56.166939,17.458849948342543,69.57723334804308,62.57423230741995,humidity_drift,2,Lake Kathybury
2025-11-26 04:03:56.166939,18.612302014703424,76.58599605711164,65.35755888708687,humidity_drift,1,New Cherylton
2025-11-26 04:18:56.166939,17.738075576428724,84.35916403873624,63.42008013458666,humidity_drift,2,Lake Kathybury
2025-11-26 04:33:56.166939,17.932362095871728,90.43767124949542,59.98761729079433,humidity_drift,1,New Cherylton
2025-11-26 04:48:56.166939,18.011305768166256,89.97745630955882,62.26833317953488,humidity_drift,2,Lake Kathybury
2025-11-26 05:03:56.166939,17.716902385671254,94.83295176549822,59.335026979252575,humidity_drift,1,New Cherylton
2025-11-26 05:18:56.166939,17.515735958862507,68.270329361297,62.588806017144876,normal,1,New Cherylton
2025-11-26 05:33:56.166939,16.966741670675596,67.2459927743222,63.11987027019876,normal,1,New Cherylton
2025-11-26 05:48:56.166939,17.509604438875947,65.56050196467493,61.411888194210675,normal,2,Lake Kathybury
2025-11-26 06:03:56.166939,17.220761650854122,66.63250510736086,63.99379207243693,normal,2,Lake Kathybury
2025-11-26 06:18:56.166939,18.36225792332565,75.3919373276745,64.0210988520918,normal,3,Jenniferville
2025-11-26 06:33:56.166939,18.655722755025636,65.67306643231873,63.69265892229431,normal,1,New Cherylton
2025-11-26 06:48:56.166939,19.378440994621723,75.63152664114246,64.6698255812371,normal,2,Lake Kathybury
2025-11-26 07:03:56.166939,19.028056656166548,70.66927048067271,64.24956735246433,normal,1,New Cherylton
2025-11-26 07:18:56.166939,18.20483078310607,65.24823389049091,63.66505363987491,normal,2,Lake Kathybury
2025-11-26 07:33:56.166939,18.40439246451156,71.14364112521031,60.782060805891064,normal,2,Lake Kathybury
2025-11-26 07:48:56.166939,18.832305638333356,72.57766548695027,65.9186965766601,normal,2,Lake Kathybury
2025-11-26 08:03:56.166939,18.405177076358033,70.90886242205114,67.91711905318792,normal,2,Lake Kathybury
2025-11-26 08:18:56.166939,17.892543610408595,65.16020211713278,62.08987405507779,normal,1,New Cherylton
2025-11-26 08:33:56.166939,19.19401892036228,65.048186036489,62.090114667578355,normal,2,Lake Kathybury
2025-11-26 08:48:56.166939,18.451919008549183,66.92569692112644,63.935574151167785,normal,3,Jenniferville
2025-11-26 09:03:56.166939,19.402660532659556,60.59022052363515,66.42974756500382,normal,2,Lake Kathybury
2025-11-26 09:18:56.166939,18.756774370458963,67.85135771466216,65.16755098433067,normal,1,New Cherylton
2025-11-26 09:33:56.166939,18.18364381148743,65.95572334365762,62.23255749703613,normal,1,New Cherylton
2025-11-26 09:48:56.166939,20.827253414542568,64.38354367977533,62.28175439889491,normal,1,New Cherylton
2025-11-26 10:03:56.166939,18.476250335869054,58.39400276300359,66.34187362798777,normal,1,New Cherylton
2025-11-26 10:18:56.166939,21.348559530843637,59.7754076341686,64.27392149364476,normal,2,Lake Kathybury
2025-11-26 10:33:56.166939,21.91515238875158,62.39288215407242,66.14925614784227,normal,2,Lake Kathybury
